,State,Quarter,GDP Growth,Count,Total Revenue
0,Alabama,2015:Q1,-0.366568055222415,0.0,0.0
1,Alabama,2015:Q2,1.1187618459306952,0.0,0.0
2,Alabama,2015:Q3,0.4238064272672069,0.0,0.0
3,Alabama,2015:Q4,-0.5521698380062661,0.0,0.0
4,Alabama,2016:Q1,0.1812646806744278,0.0,0.0
5,Alabama,2016:Q2,0.6156260863373804,0.0,0.0
6,Alabama,2016:Q3,-0.13473005235075108,0.0,0.0
7,Alabama,2016:Q4,0.24417067995966046,0.0,0.0
8,Alabama,2017:Q1,0.36058437596236165,0.0,0.0
9,Alabama,2017:Q2,-0.005940615729199264,0.0,0.0
10,Alabama,2017:Q3,0.5396997832493614,0.0,0.0
11,Alabama,2017:Q4,1.2308479868949778,0.0,0.0
12,Alabama,2018:Q1,0.568659009213992,0.0,0.0
13,Alabama,2018:Q2,0.6254467024821103,0.0,0.0
14,Alabama,2018:Q3,0.7182781011304171,0.0,0.0
15,Alabama,2018:Q4,0.6609004169539258,0.0,0.0
16,Alabama,2019:Q1,0.546154739212113,2.0,3201097.0
17,Alabama,2019:Q2,0.4337737924752304,0.0,0.0
18,Alabama,2019:Q3,0.4214679066060905,0.0,0.0
19,Alabama,2019:Q4,0.5842991369019472,0.0,0.0
20,Alaska,2015:Q1,1.0201339316940945,0.0,0.0
21,Alaska,2015:Q2,-1.0368485754723473,0.0,0.0
22,Alaska,2015:Q3,-0.24946443453795128,0.0,0.0
23,Alaska,2015:Q4,-0.3181532522332423,0.0,0.0
24,Alaska,2016:Q1,0.12497267973928379,0.0,0.0
25,Alaska,2016:Q2,-1.460738045146978,0.0,0.0
26,Alaska,2016:Q3,-0.8532990790333893,0.0,0.0
27,Alaska,2016:Q4,-0.1514295833293422,0.0,0.0
28,Alaska,2017:Q1,0.32572481881914184,0.0,0.0
29,Alaska,2017:Q2,0.34570624477067563,0.0,0.0
30,Alaska,2017:Q3,1.1076217161554807,0.0,0.0
31,Alaska,2017:Q4,-0.8318432713985795,0.0,0.0
32,Alaska,2018:Q1,-0.1888337332277108,0.0,0.0
33,Alaska,2018:Q2,0.3532384927733737,0.0,0.0
34,Alaska,2018:Q3,0.8699715326398805,0.0,0.0
35,Alaska,2018:Q4,0.6097060578931689,0.0,0.0
36,Alaska,2019:Q1,0.44600250296158495,0.0,0.0
37,Alaska,2019:Q2,1.0038178532893016,0.0,0.0
38,Alaska,2019:Q3,0.5934902452349853,0.0,0.0
39,Alaska,2019:Q4,0.10750921768335242,0.0,0.0
40,Arizona,2015:Q1,1.0795031824585715,0.0,0.0
41,Arizona,2015:Q2,0.7866433042516592,0.0,0.0
42,Arizona,2015:Q3,-0.14050727020573064,0.0,0.0
43,Arizona,2015:Q4,1.1475522207280158,0.0,0.0
44,Arizona,2016:Q1,0.4638482204497746,0.0,0.0
45,Arizona,2016:Q2,1.3762094771396027,0.0,0.0
46,Arizona,2016:Q3,1.1934320965822145,2.0,6034056.0
47,Arizona,2016:Q4,0.23905262405727265,0.0,0.0
48,Arizona,2017:Q1,1.009373869387199,0.0,0.0
49,Arizona,2017:Q2,0.41214305287180203,0.0,0.0
50,Arizona,2017:Q3,1.7032861087312288,3.0,10655279.0
51,Arizona,2017:Q4,0.58983924583309,1.0,1651992.0
52,Arizona,2018:Q1,1.3281895642062824,1.0,1906176.0
53,Arizona,2018:Q2,0.6473008092228891,0.0,0.0
54,Arizona,2018:Q3,1.3036638019629205,0.0,0.0
55,Arizona,2018:Q4,0.5633020011052322,0.0,0.0
56,Arizona,2019:Q1,0.7915348306447503,1.0,2363364.0
57,Arizona,2019:Q2,0.7216560481724024,0.0,0.0
58,Arizona,2019:Q3,0.5824205249324558,1.0,9747170.0
59,Arizona,2019:Q4,0.8071331798985212,0.0,0.0
60,Arkansas,2015:Q1,-1.1579836375927308,0.0,0.0
61,Arkansas,2015:Q2,0.715118066265782,0.0,0.0
62,Arkansas,2015:Q3,0.9186089436520821,0.0,0.0
63,Arkansas,2015:Q4,0.01361233976050246,0.0,0.0
64,Arkansas,2016:Q1,-0.2789563811272081,0.0,0.0
65,Arkansas,2016:Q2,0.40835996329465385,0.0,0.0
66,Arkansas,2016:Q3,-0.4078379078379002,0.0,0.0
67,Arkansas,2016:Q4,0.48648474499822547,0.0,0.0
68,Arkansas,2017:Q1,0.338700355622359,0.0,0.0
69,Arkansas,2017:Q2,0.07812723553583167,0.0,0.0
70,Arkansas,2017:Q3,-0.41183543648026105,1.0,1896770.0
71,Arkansas,2017:Q4,0.9693393196345078,1.0,1573424.0
72,Arkansas,2018:Q1,0.2411054206141289,0.0,0.0
73,Arkansas,2018:Q2,0.9211920185516845,0.0,0.0
74,Arkansas,2018:Q3,0.2287296322214579,0.0,0.0
75,Arkansas,2018:Q4,0.31328485442340354,0.0,0.0
76,Arkansas,2019:Q1,0.3980676622157383,1.0,1679923.0
77,Arkansas,2019:Q2,0.44370628812248,0.0,0.0
78,Arkansas,2019:Q3,0.7014946300815587,0.0,0.0
79,Arkansas,2019:Q4,0.5974163671011918,0.0,0.0
80,California,2015:Q1,1.9160581657086724,0.0,0.0
81,California,2015:Q2,1.6914281541486953,0.0,0.0
82,California,2015:Q3,0.08735957418795781,0.0,0.0
83,California,2015:Q4,0.046639964221951345,0.0,0.0
84,California,2016:Q1,1.5212605245342756,1.0,4341114.0
85,California,2016:Q2,0.24027372593363938,0.0,0.0
86,California,2016:Q3,1.0394779440489859,7.0,36758793.0
87,California,2016:Q4,0.7737922960351747,2.0,0.0
88,California,2017:Q1,1.0734237365829256,1.0,0.0
89,California,2017:Q2,1.3526100837644708,3.0,22053371.0
90,California,2017:Q3,1.2067176120292082,13.0,30239304.0
91,California,2017:Q4,1.6366769211579106,15.0,39027138.0
92,California,2018:Q1,0.49802190141740044,0.0,0.0
93,California,2018:Q2,1.4259805785453663,9.0,16235768.0
94,California,2018:Q3,0.451875113745536,2.0,10514668.0
95,California,2018:Q4,0.7262016534195734,6.0,13037922.0
96,California,2019:Q1,0.6769235410252388,0.0,0.0
97,California,2019:Q2,0.4738464866815487,5.0,10091057.0
98,California,2019:Q3,0.5077398708218297,3.0,24610038.0
99,California,2019:Q4,0.5338808451081588,0.0,0.0
100,Colorado,2015:Q1,0.9759529804584403,0.0,0.0
101,Colorado,2015:Q2,0.44545317561966397,0.0,0.0
102,Colorado,2015:Q3,0.7134374970779956,0.0,0.0
103,Colorado,2015:Q4,0.6185658846046576,0.0,0.0
104,Colorado,2016:Q1,-0.30040945934654006,0.0,0.0
105,Colorado,2016:Q2,0.9521760043752081,0.0,0.0
106,Colorado,2016:Q3,1.576274266521294,1.0,1902639.0
107,Colorado,2016:Q4,1.0552813670295875,0.0,0.0
108,Colorado,2017:Q1,0.429774882910032,0.0,0.0
109,Colorado,2017:Q2,0.8652403792308037,1.0,5884163.0
110,Colorado,2017:Q3,1.6109549513094645,2.0,5005591.0
111,Colorado,2017:Q4,0.9749308604077893,0.0,0.0
112,Colorado,2018:Q1,0.21824110048728712,0.0,0.0
113,Colorado,2018:Q2,1.2524768254331966,1.0,2160741.0
114,Colorado,2018:Q3,0.7399478222480571,2.0,3783278.0
115,Colorado,2018:Q4,0.543245780434397,0.0,0.0
116,Colorado,2019:Q1,1.3257156266007377,0.0,0.0
117,Colorado,2019:Q2,0.7238980093870026,1.0,2117678.0
118,Colorado,2019:Q3,0.649845681407968,1.0,13494183.0
119,Colorado,2019:Q4,0.6341975898640536,0.0,0.0
120,Connecticut,2015:Q1,0.5925293757642434,0.0,0.0
121,Connecticut,2015:Q2,0.5951155156669513,0.0,0.0
122,Connecticut,2015:Q3,-0.48025021980380955,0.0,0.0
123,Connecticut,2015:Q4,0.14512957733376333,0.0,0.0
124,Connecticut,2016:Q1,0.1600199223570611,0.0,0.0
125,Connecticut,2016:Q2,0.04514188682407076,0.0,0.0
126,Connecticut,2016:Q3,-0.5287103250470092,0.0,0.0
127,Connecticut,2016:Q4,0.01147802247710108,0.0,0.0
128,Connecticut,2017:Q1,-0.20761257127631186,0.0,0.0
129,Connecticut,2017:Q2,1.11595280244194,0.0,0.0
130,Connecticut,2017:Q3,-0.005359740899489647,2.0,1079164.0
131,Connecticut,2017:Q4,-0.09316618841356615,1.0,0.0
132,Connecticut,2018:Q1,0.19243180585478978,0.0,0.0
133,Connecticut,2018:Q2,-0.41383165510499803,0.0,0.0
134,Connecticut,2018:Q3,1.128631897516189,0.0,0.0
135,Connecticut,2018:Q4,-0.5989043287993362,0.0,0.0
136,Connecticut,2019:Q1,1.0585064424417225,0.0,0.0
137,Connecticut,2019:Q2,0.23717297549735478,0.0,0.0
138,Connecticut,2019:Q3,0.5204199596266739,0.0,0.0
139,Connecticut,2019:Q4,0.22935862370428375,0.0,0.0
140,Delaware,2015:Q1,1.5316892344128097,0.0,0.0
141,Delaware,2015:Q2,1.9395822072807793,0.0,0.0
142,Delaware,2015:Q3,-3.1280962057649297,0.0,0.0
143,Delaware,2015:Q4,-0.743134834927487,0.0,0.0
144,Delaware,2016:Q1,-2.8833364548579894,0.0,0.0
145,Delaware,2016:Q2,0.4367902553421494,0.0,0.0
146,Delaware,2016:Q3,-0.4579997555217943,0.0,0.0
147,Delaware,2016:Q4,0.2678889495808252,0.0,0.0
148,Delaware,2017:Q1,0.4308428629531936,0.0,0.0
149,Delaware,2017:Q2,-1.8123862443543566,0.0,0.0
150,Delaware,2017:Q3,1.0247864564882734,0.0,0.0
151,Delaware,2017:Q4,-1.0879654163495107,0.0,0.0
152,Delaware,2018:Q1,0.16400933073612278,0.0,0.0
153,Delaware,2018:Q2,0.15718866000668627,0.0,0.0
154,Delaware,2018:Q3,1.3339166388964876,0.0,0.0
155,Delaware,2018:Q4,-0.6722368410592388,0.0,0.0
156,Delaware,2019:Q1,0.13385456693363942,0.0,0.0
157,Delaware,2019:Q2,0.44545894284909665,0.0,0.0
158,Delaware,2019:Q3,-0.0009484666455873297,0.0,0.0
159,Delaware,2019:Q4,0.5682041448252556,0.0,0.0
160,District of Columbia,2015:Q1,0.8531885912976792,0.0,0.0
161,District of Columbia,2015:Q2,0.7515017297277101,0.0,0.0
162,District of Columbia,2015:Q3,-0.5400762902581295,0.0,0.0
163,District of Columbia,2015:Q4,0.040280323744565645,0.0,0.0
164,District of Columbia,2016:Q1,1.7183116311253672,0.0,0.0
165,District of Columbia,2016:Q2,0.34120250059137625,0.0,0.0
166,District of Columbia,2016:Q3,-0.32032549094912777,0.0,0.0
167,District of Columbia,2016:Q4,0.7480493539460293,0.0,0.0
168,District of Columbia,2017:Q1,-0.019728824395146782,0.0,0.0
169,District of Columbia,2017:Q2,-0.015569048731120104,0.0,0.0
170,District of Columbia,2017:Q3,1.8324164440168986,4.0,6636572.0
171,District of Columbia,2017:Q4,-0.7394569137286593,1.0,0.0
172,District of Columbia,2018:Q1,1.383988924840754,0.0,0.0
173,District of Columbia,2018:Q2,0.13257975057167415,2.0,4498018.0
174,District of Columbia,2018:Q3,1.127569984061364,0.0,0.0
175,District of Columbia,2018:Q4,-0.008579375661992716,0.0,0.0
176,District of Columbia,2019:Q1,0.27913083248312565,0.0,0.0
177,District of Columbia,2019:Q2,0.5218619678674221,0.0,0.0
178,District of Columbia,2019:Q3,0.3530205289284303,0.0,0.0
179,District of Columbia,2019:Q4,0.4855506101326677,0.0,0.0
180,Florida,2015:Q1,0.7663463888590272,0.0,0.0
181,Florida,2015:Q2,1.5369537334195795,0.0,0.0
182,Florida,2015:Q3,0.8414674316155215,0.0,0.0
183,Florida,2015:Q4,0.8984308078644131,0.0,0.0
184,Florida,2016:Q1,-0.033135717131634795,0.0,0.0
185,Florida,2016:Q2,1.29646565172952,0.0,0.0
186,Florida,2016:Q3,1.2947961770297471,1.0,5852060.0
187,Florida,2016:Q4,0.6095179384055813,0.0,0.0
188,Florida,2017:Q1,0.8851985761427196,0.0,0.0
189,Florida,2017:Q2,0.48643064907977557,2.0,12049080.0
190,Florida,2017:Q3,0.6819963004402615,7.0,23555559.0
191,Florida,2017:Q4,1.2104771606681104,4.0,7247367.0
192,Florida,2018:Q1,0.8948496077342393,0.0,0.0
193,Florida,2018:Q2,0.3799029915608291,2.0,4356406.0
194,Florida,2018:Q3,1.1164431652672417,0.0,0.0
195,Florida,2018:Q4,0.1475900017350275,1.0,4197412.0
196,Florida,2019:Q1,1.1525387703516803,3.0,6752466.0
197,Florida,2019:Q2,0.498184338336457,0.0,0.0
198,Florida,2019:Q3,0.5924936052821967,2.0,19961163.0
199,Florida,2019:Q4,0.6480954353360643,1.0,1645694.0
200,Georgia,2015:Q1,0.8421501372547098,0.0,0.0
201,Georgia,2015:Q2,1.3150851051017403,0.0,0.0
202,Georgia,2015:Q3,0.4380197052013908,0.0,0.0
203,Georgia,2015:Q4,0.42705026327046597,0.0,0.0
204,Georgia,2016:Q1,1.5010032913145908,0.0,0.0
205,Georgia,2016:Q2,0.5598108853819318,0.0,0.0
206,Georgia,2016:Q3,0.7247775104388916,1.0,4544620.0
207,Georgia,2016:Q4,0.9495341748831302,0.0,0.0
208,Georgia,2017:Q1,1.5298353823094986,0.0,0.0
209,Georgia,2017:Q2,0.2224642532866561,0.0,0.0
210,Georgia,2017:Q3,0.7784971874984206,4.0,6501559.0
211,Georgia,2017:Q4,1.1650018052713969,0.0,0.0
212,Georgia,2018:Q1,-0.09026856667244301,0.0,0.0
213,Georgia,2018:Q2,0.5996201081897252,1.0,1661156.0
214,Georgia,2018:Q3,1.2207405171217631,0.0,0.0
215,Georgia,2018:Q4,0.2895550702182364,1.0,5021395.0
216,Georgia,2019:Q1,0.36489427596817997,1.0,1586831.0
217,Georgia,2019:Q2,0.26813775677236174,0.0,0.0
218,Georgia,2019:Q3,0.5561011396345915,0.0,0.0
219,Georgia,2019:Q4,0.5860351580638122,0.0,0.0
220,Hawaii,2015:Q1,1.4085542624259524,0.0,0.0
221,Hawaii,2015:Q2,1.127457916675862,0.0,0.0
222,Hawaii,2015:Q3,0.6192613502219665,0.0,0.0
223,Hawaii,2015:Q4,0.6704692387636777,0.0,0.0
224,Hawaii,2016:Q1,0.5625895173580847,0.0,0.0
225,Hawaii,2016:Q2,0.36033428051224214,0.0,0.0
226,Hawaii,2016:Q3,0.28423226270404267,0.0,0.0
227,Hawaii,2016:Q4,0.5221708503727436,0.0,0.0
228,Hawaii,2017:Q1,1.2839417147403982,0.0,0.0
229,Hawaii,2017:Q2,-0.19682587139048757,0.0,0.0
230,Hawaii,2017:Q3,0.712430426716141,0.0,0.0
231,Hawaii,2017:Q4,0.5621895258839705,0.0,0.0
232,Hawaii,2018:Q1,0.6458069593184383,0.0,0.0
233,Hawaii,2018:Q2,1.0331370578510657,0.0,0.0
234,Hawaii,2018:Q3,0.19805923672967607,0.0,0.0
235,Hawaii,2018:Q4,0.4494876129576499,4.0,14508137.0
236,Hawaii,2019:Q1,0.048637781828924705,0.0,0.0
237,Hawaii,2019:Q2,0.12486101565619354,0.0,0.0
238,Hawaii,2019:Q3,0.10496008281782575,0.0,0.0
239,Hawaii,2019:Q4,0.5667413267251205,0.0,0.0
240,Idaho,2015:Q1,1.2637301675357862,0.0,0.0
241,Idaho,2015:Q2,-0.26444347679604074,0.0,0.0
242,Idaho,2015:Q3,0.5660305801892526,0.0,0.0
243,Idaho,2015:Q4,-0.30305143632433534,0.0,0.0
244,Idaho,2016:Q1,2.312604126022678,0.0,0.0
245,Idaho,2016:Q2,1.1783283069621069,0.0,0.0
246,Idaho,2016:Q3,1.2234602084492057,0.0,0.0
247,Idaho,2016:Q4,-0.19474167199203743,0.0,0.0
248,Idaho,2017:Q1,0.7613145223825956,0.0,0.0
249,Idaho,2017:Q2,1.6671838749242616,0.0,0.0
250,Idaho,2017:Q3,0.7613997319262843,0.0,0.0
251,Idaho,2017:Q4,0.9850643108760867,0.0,0.0
252,Idaho,2018:Q1,1.0697668405319056,0.0,0.0
253,Idaho,2018:Q2,0.8518559664100008,0.0,0.0
254,Idaho,2018:Q3,0.7013420113623469,0.0,0.0
255,Idaho,2018:Q4,1.0664689133126677,1.0,1454270.0
256,Idaho,2019:Q1,0.5245913504364786,0.0,0.0
257,Idaho,2019:Q2,0.5802199383663383,0.0,0.0
258,Idaho,2019:Q3,0.605042802755233,0.0,0.0
259,Idaho,2019:Q4,0.6209685907170299,0.0,0.0
260,Illinois,2015:Q1,-0.30277887661572067,0.0,0.0
261,Illinois,2015:Q2,0.580823363303151,0.0,0.0
262,Illinois,2015:Q3,0.6584503735907086,0.0,0.0
263,Illinois,2015:Q4,-0.3239264717863898,0.0,0.0
264,Illinois,2016:Q1,-0.3235629893843067,0.0,0.0
265,Illinois,2016:Q2,0.4143317996041343,0.0,0.0
266,Illinois,2016:Q3,-0.20264895154052331,4.0,19059256.0
267,Illinois,2016:Q4,0.9352600687474293,0.0,0.0
268,Illinois,2017:Q1,-0.5969120839102084,0.0,0.0
269,Illinois,2017:Q2,0.33742727326386174,3.0,18749641.0
270,Illinois,2017:Q3,0.8166255149253692,6.0,14722231.0
271,Illinois,2017:Q4,0.3420085512015239,1.0,0.0
272,Illinois,2018:Q1,0.7522770320230798,2.0,4254230.0
273,Illinois,2018:Q2,0.18554804842513822,0.0,0.0
274,Illinois,2018:Q3,0.9518230751676315,1.0,0.0
275,Illinois,2018:Q4,-0.00661669169034889,1.0,4339349.0
276,Illinois,2019:Q1,0.5468249553502087,0.0,0.0
277,Illinois,2019:Q2,0.28241911529867947,2.0,21741564.0
278,Illinois,2019:Q3,0.3586028218023232,0.0,0.0
279,Illinois,2019:Q4,0.4612078477153452,0.0,0.0
280,Indiana,2015:Q1,-1.1480745909387524,0.0,0.0
281,Indiana,2015:Q2,0.5544094811852376,0.0,0.0
282,Indiana,2015:Q3,-0.5792894148434348,0.0,0.0
283,Indiana,2015:Q4,0.10257797001602363,0.0,0.0
284,Indiana,2016:Q1,0.08025723390121291,0.0,0.0
285,Indiana,2016:Q2,1.278720038117041,0.0,0.0
286,Indiana,2016:Q3,0.9125878230799944,1.0,1460006.0
287,Indiana,2016:Q4,0.663497709969381,0.0,0.0
288,Indiana,2017:Q1,0.18494275862883197,0.0,0.0
289,Indiana,2017:Q2,0.07703640304376572,0.0,0.0
290,Indiana,2017:Q3,0.23035962351840913,3.0,8620906.0
291,Indiana,2017:Q4,1.104735871127541,0.0,0.0
292,Indiana,2018:Q1,0.6648480963385146,1.0,1749814.0
293,Indiana,2018:Q2,0.12713199534213965,0.0,0.0
294,Indiana,2018:Q3,0.5405695100992266,0.0,0.0
295,Indiana,2018:Q4,0.04004296673890998,0.0,0.0
296,Indiana,2019:Q1,-0.0448755158640258,1.0,2129940.0
297,Indiana,2019:Q2,0.24976304376847855,1.0,2011671.0
298,Indiana,2019:Q3,0.5641053365049652,0.0,0.0
299,Indiana,2019:Q4,0.28078151604048646,0.0,0.0
300,Iowa,2015:Q1,0.5207148664450629,0.0,0.0
301,Iowa,2015:Q2,0.3165429976331864,0.0,0.0
302,Iowa,2015:Q3,0.6389815822955623,0.0,0.0
303,Iowa,2015:Q4,0.11028681623055975,0.0,0.0
304,Iowa,2016:Q1,-1.023875793401343,0.0,0.0
305,Iowa,2016:Q2,-0.2980942685170371,0.0,0.0
306,Iowa,2016:Q3,1.026462945394764,0.0,0.0
307,Iowa,2016:Q4,-0.2048865743200954,0.0,0.0
308,Iowa,2017:Q1,-0.20269862512824316,0.0,0.0
309,Iowa,2017:Q2,-0.2079818057421407,2.0,1078939.0
310,Iowa,2017:Q3,-0.6836660930151314,0.0,0.0
311,Iowa,2017:Q4,0.5955132385393702,0.0,0.0
312,Iowa,2018:Q1,1.3056611640910678,0.0,0.0
313,Iowa,2018:Q2,1.0252415299330286,0.0,0.0
314,Iowa,2018:Q3,0.24538940824378558,0.0,0.0
315,Iowa,2018:Q4,-0.5189568322535502,0.0,0.0
316,Iowa,2019:Q1,0.5029882637999314,0.0,0.0
317,Iowa,2019:Q2,0.27306805074971163,0.0,0.0
318,Iowa,2019:Q3,0.31199929632000173,0.0,0.0
319,Iowa,2019:Q4,0.31051468755103656,0.0,0.0
320,Kansas,2015:Q1,-2.0062296110283127,0.0,0.0
321,Kansas,2015:Q2,1.5171999090488126,0.0,0.0
322,Kansas,2015:Q3,0.7040572548907718,0.0,0.0
323,Kansas,2015:Q4,0.5327550321201884,0.0,0.0
324,Kansas,2016:Q1,-0.183105625923733,0.0,0.0
325,Kansas,2016:Q2,1.342355466799125,0.0,0.0
326,Kansas,2016:Q3,0.9101225796920485,0.0,0.0
327,Kansas,2016:Q4,0.44860113871613977,0.0,0.0
328,Kansas,2017:Q1,0.09152259599988548,0.0,0.0
329,Kansas,2017:Q2,-0.3402287056234772,0.0,0.0
330,Kansas,2017:Q3,-0.00244632142680814,0.0,0.0
331,Kansas,2017:Q4,0.23140101175276265,0.0,0.0
332,Kansas,2018:Q1,1.1864279731583947,1.0,1647788.0
333,Kansas,2018:Q2,0.7576183924284811,0.0,0.0
334,Kansas,2018:Q3,0.4044647027558029,0.0,0.0
335,Kansas,2018:Q4,-0.07246699173656712,0.0,0.0
336,Kansas,2019:Q1,-0.2733344409800071,1.0,1648058.0
337,Kansas,2019:Q2,0.5358304890313367,0.0,0.0
338,Kansas,2019:Q3,0.5507846747185732,0.0,0.0
339,Kansas,2019:Q4,0.5251192093759383,1.0,0.0
340,Kentucky,2015:Q1,-0.24810017885904276,0.0,0.0
341,Kentucky,2015:Q2,1.1524836341166789,0.0,0.0
342,Kentucky,2015:Q3,-0.11712257141283965,0.0,0.0
343,Kentucky,2015:Q4,0.11182373851937134,0.0,0.0
344,Kentucky,2016:Q1,-0.9495933010105316,0.0,0.0
345,Kentucky,2016:Q2,1.164800480949876,0.0,0.0
346,Kentucky,2016:Q3,0.8919436401651412,1.0,1520726.0
347,Kentucky,2016:Q4,0.050478294061869426,0.0,0.0
348,Kentucky,2017:Q1,-0.1257832208882905,0.0,0.0
349,Kentucky,2017:Q2,-0.002285041519738971,1.0,4810535.0
350,Kentucky,2017:Q3,0.38916726551060293,2.0,3169322.0
351,Kentucky,2017:Q4,0.8099812394841602,1.0,0.0
352,Kentucky,2018:Q1,-0.11489891855092821,1.0,2024356.0
353,Kentucky,2018:Q2,0.6525481725443231,0.0,0.0
354,Kentucky,2018:Q3,0.33294113634812833,0.0,0.0
355,Kentucky,2018:Q4,0.365861622437817,0.0,0.0
356,Kentucky,2019:Q1,0.023143048990546818,1.0,2531895.0
357,Kentucky,2019:Q2,0.24875134554992334,1.0,1771383.0
358,Kentucky,2019:Q3,0.3724757265676875,1.0,0.0
359,Kentucky,2019:Q4,0.559547745678815,0.0,0.0
360,Louisiana,2015:Q1,-1.083857022537244,0.0,0.0
361,Louisiana,2015:Q2,-0.9928551186376585,0.0,0.0
362,Louisiana,2015:Q3,-0.3957738713374992,0.0,0.0
363,Louisiana,2015:Q4,-0.9670338853582976,0.0,0.0
364,Louisiana,2016:Q1,-0.5048116776851803,0.0,0.0
365,Louisiana,2016:Q2,-0.03715288961084172,0.0,0.0
366,Louisiana,2016:Q3,-0.38698034522917824,1.0,3447362.0
367,Louisiana,2016:Q4,0.2743356822577764,0.0,0.0
368,Louisiana,2017:Q1,0.9128620258252805,0.0,0.0
369,Louisiana,2017:Q2,0.15659355066883496,0.0,0.0
370,Louisiana,2017:Q3,0.37888241130697375,1.0,3873405.0
371,Louisiana,2017:Q4,0.515373579264778,1.0,1656475.0
372,Louisiana,2018:Q1,1.2549170641744234,0.0,0.0
373,Louisiana,2018:Q2,0.5346627970800013,0.0,0.0
374,Louisiana,2018:Q3,0.411123398362397,0.0,0.0
375,Louisiana,2018:Q4,0.287984019693848,1.0,2827815.0
376,Louisiana,2019:Q1,-0.0015082311716093568,2.0,2215600.0
377,Louisiana,2019:Q2,0.41953175650135577,0.0,0.0
378,Louisiana,2019:Q3,0.7194548545185244,1.0,7163692.0
379,Louisiana,2019:Q4,0.26833838395521764,1.0,0.0
380,Maine,2015:Q1,-1.7466969512780264,0.0,0.0
381,Maine,2015:Q2,1.1981102432476043,0.0,0.0
382,Maine,2015:Q3,0.058161141667910865,0.0,0.0
383,Maine,2015:Q4,1.0389658152663614,0.0,0.0
384,Maine,2016:Q1,-0.3089636345190774,0.0,0.0
385,Maine,2016:Q2,1.604964263545918,0.0,0.0
386,Maine,2016:Q3,-0.14977624446973292,0.0,0.0
387,Maine,2016:Q4,0.9752111337504332,0.0,0.0
388,Maine,2017:Q1,0.3912118962840327,0.0,0.0
389,Maine,2017:Q2,0.061816989458859446,0.0,0.0
390,Maine,2017:Q3,1.0118764677086363,0.0,0.0
391,Maine,2017:Q4,0.7242255470429582,0.0,0.0
392,Maine,2018:Q1,0.3155963946885775,0.0,0.0
393,Maine,2018:Q2,0.8014723550367616,0.0,0.0
394,Maine,2018:Q3,0.6844482565418514,0.0,0.0
395,Maine,2018:Q4,-0.44588498703337465,0.0,0.0
396,Maine,2019:Q1,1.154806974168789,0.0,0.0
397,Maine,2019:Q2,0.14195997345966213,0.0,0.0
398,Maine,2019:Q3,0.5218966337667121,0.0,0.0
399,Maine,2019:Q4,0.47359335136043507,0.0,0.0
400,Maryland,2015:Q1,1.0379717324785045,0.0,0.0
401,Maryland,2015:Q2,0.1438987092765925,0.0,0.0
402,Maryland,2015:Q3,0.6229923296437085,0.0,0.0
403,Maryland,2015:Q4,0.7259832410638688,0.0,0.0
404,Maryland,2016:Q1,1.068787105140816,0.0,0.0
405,Maryland,2016:Q2,1.2138032736382622,1.0,4107027.0
406,Maryland,2016:Q3,0.6066776652265915,0.0,0.0
407,Maryland,2016:Q4,0.43812595371524143,0.0,0.0
408,Maryland,2017:Q1,-0.6149975598438858,0.0,0.0
409,Maryland,2017:Q2,0.0907634259118287,2.0,12256806.0
410,Maryland,2017:Q3,0.5266096394995117,1.0,4823333.0
411,Maryland,2017:Q4,0.955738030382761,0.0,0.0
412,Maryland,2018:Q1,0.6213036993476079,0.0,0.0
413,Maryland,2018:Q2,0.8660467885780013,0.0,0.0
414,Maryland,2018:Q3,0.16621965497387434,0.0,0.0
415,Maryland,2018:Q4,0.23207571912172703,0.0,0.0
416,Maryland,2019:Q1,0.44339691572397183,0.0,0.0
417,Maryland,2019:Q2,0.3820545419854456,0.0,0.0
418,Maryland,2019:Q3,0.25733062648170896,1.0,9257202.0
419,Maryland,2019:Q4,0.605302016948238,0.0,0.0
420,Massachusetts,2015:Q1,0.4563865373907483,0.0,0.0
421,Massachusetts,2015:Q2,1.1972606432351542,0.0,0.0
422,Massachusetts,2015:Q3,-0.15436700718815569,0.0,0.0
423,Massachusetts,2015:Q4,0.8703173497074606,0.0,0.0
424,Massachusetts,2016:Q1,-0.3852682673995448,0.0,0.0
425,Massachusetts,2016:Q2,0.9148993164990377,0.0,0.0
426,Massachusetts,2016:Q3,1.021469438669264,3.0,14832834.0
427,Massachusetts,2016:Q4,-0.20397166688876098,0.0,0.0
428,Massachusetts,2017:Q1,0.4583255940226653,0.0,0.0
429,Massachusetts,2017:Q2,0.9482144311634323,2.0,12977063.0
430,Massachusetts,2017:Q3,1.0467532504352373,3.0,8559122.0
431,Massachusetts,2017:Q4,0.6274637965664972,3.0,3695808.0
432,Massachusetts,2018:Q1,0.7728763821118406,0.0,0.0
433,Massachusetts,2018:Q2,0.96452441508664,2.0,4668640.0
434,Massachusetts,2018:Q3,0.49319604734744793,4.0,13959298.0
435,Massachusetts,2018:Q4,0.290431534719344,0.0,0.0
436,Massachusetts,2019:Q1,1.0731695576067721,0.0,0.0
437,Massachusetts,2019:Q2,0.3759800513798772,0.0,0.0
438,Massachusetts,2019:Q3,0.5364695220031962,1.0,11675732.0
439,Massachusetts,2019:Q4,0.5216551760557452,0.0,0.0
440,Michigan,2015:Q1,0.5457772184280988,0.0,0.0
441,Michigan,2015:Q2,1.075452804983629,0.0,0.0
442,Michigan,2015:Q3,0.49058672246637447,0.0,0.0
443,Michigan,2015:Q4,0.1542411025588901,0.0,0.0
444,Michigan,2016:Q1,0.15395878810709324,0.0,0.0
445,Michigan,2016:Q2,1.532552668388148,1.0,4776767.0
446,Michigan,2016:Q3,0.0585211235437876,1.0,1731667.0
447,Michigan,2016:Q4,0.8462545953569689,0.0,0.0
448,Michigan,2017:Q1,-0.1405139088611946,0.0,0.0
449,Michigan,2017:Q2,0.3226437700901704,0.0,0.0
450,Michigan,2017:Q3,0.24529449173451137,4.0,12643101.0
451,Michigan,2017:Q4,0.9170475825557638,1.0,0.0
452,Michigan,2018:Q1,1.028032131826029,1.0,1623071.0
453,Michigan,2018:Q2,0.46581625340404187,0.0,0.0
454,Michigan,2018:Q3,0.48630001028467384,3.0,8451063.0
455,Michigan,2018:Q4,-0.27326741077112177,0.0,0.0
456,Michigan,2019:Q1,0.02770526183593324,1.0,1421960.0
457,Michigan,2019:Q2,0.28424000543222944,2.0,4594642.0
458,Michigan,2019:Q3,0.3302546253884979,0.0,0.0
459,Michigan,2019:Q4,0.5685174773161056,0.0,0.0
460,Minnesota,2015:Q1,0.556454592052599,0.0,0.0
461,Minnesota,2015:Q2,-0.3719432398450055,0.0,0.0
462,Minnesota,2015:Q3,0.3694506111865391,0.0,0.0
463,Minnesota,2015:Q4,0.5722770213507005,0.0,0.0
464,Minnesota,2016:Q1,-0.3062809587582012,0.0,0.0
465,Minnesota,2016:Q2,0.9222106404256347,0.0,0.0
466,Minnesota,2016:Q3,1.8259640864692397,1.0,5158790.0
467,Minnesota,2016:Q4,0.28476395380468744,0.0,0.0
468,Minnesota,2017:Q1,0.5947182724223978,0.0,0.0
469,Minnesota,2017:Q2,-0.18622249108370878,0.0,0.0
470,Minnesota,2017:Q3,-0.2876241645052073,5.0,17870701.0
471,Minnesota,2017:Q4,0.9913553301664669,0.0,0.0
472,Minnesota,2018:Q1,0.6568760322999154,1.0,2217347.0
473,Minnesota,2018:Q2,1.1671718839100884,0.0,0.0
474,Minnesota,2018:Q3,0.9915994853310433,3.0,6166650.0
475,Minnesota,2018:Q4,0.03953542460183928,1.0,4512421.0
476,Minnesota,2019:Q1,-0.09195756335349534,0.0,0.0
477,Minnesota,2019:Q2,0.4886944656638702,1.0,2735448.0
478,Minnesota,2019:Q3,0.4839739211132656,0.0,0.0
479,Minnesota,2019:Q4,0.3996373118379177,0.0,0.0
480,Mississippi,2015:Q1,-0.8037160958921348,0.0,0.0
481,Mississippi,2015:Q2,0.7325956253404845,0.0,0.0
482,Mississippi,2015:Q3,0.19789442714979472,0.0,0.0
483,Mississippi,2015:Q4,-0.33198273171227316,0.0,0.0
484,Mississippi,2016:Q1,0.7032623172404203,0.0,0.0
485,Mississippi,2016:Q2,-0.3878870296422404,0.0,0.0
486,Mississippi,2016:Q3,-0.34373481945942647,0.0,0.0
487,Mississippi,2016:Q4,0.5356597176748943,0.0,0.0
488,Mississippi,2017:Q1,0.6840365844285575,0.0,0.0
489,Mississippi,2017:Q2,-0.4851686901831561,0.0,0.0
490,Mississippi,2017:Q3,0.4337719030164892,0.0,0.0
491,Mississippi,2017:Q4,0.6945987725328527,0.0,0.0
492,Mississippi,2018:Q1,-0.12919858646159862,0.0,0.0
493,Mississippi,2018:Q2,1.0379934713120917,0.0,0.0
494,Mississippi,2018:Q3,0.040824004902765,0.0,0.0
495,Mississippi,2018:Q4,0.0012605828353110184,0.0,0.0
496,Mississippi,2019:Q1,0.25823573731138877,0.0,0.0
497,Mississippi,2019:Q2,0.5642398678215086,0.0,0.0
498,Mississippi,2019:Q3,0.4576928489441198,0.0,0.0
499,Mississippi,2019:Q4,0.518934588909341,0.0,0.0
500,Missouri,2015:Q1,-0.3210827577871483,0.0,0.0
501,Missouri,2015:Q2,0.488651193072316,0.0,0.0
502,Missouri,2015:Q3,0.06567448414941826,0.0,0.0
503,Missouri,2015:Q4,-1.0984609250166584,0.0,0.0
504,Missouri,2016:Q1,0.35212735605031087,0.0,0.0
505,Missouri,2016:Q2,-0.2203237785818776,1.0,3285043.0
506,Missouri,2016:Q3,-0.18713790035715883,1.0,1547633.0
507,Missouri,2016:Q4,0.542474791431029,0.0,0.0
508,Missouri,2017:Q1,-0.44137892915609583,0.0,0.0
509,Missouri,2017:Q2,0.9196755663034111,2.0,5409706.0
510,Missouri,2017:Q3,0.5552408581600748,4.0,11130462.0
511,Missouri,2017:Q4,0.7126104515962451,0.0,0.0
512,Missouri,2018:Q1,0.23575832340803274,2.0,3720492.0
513,Missouri,2018:Q2,1.2458021730917226,0.0,0.0
514,Missouri,2018:Q3,0.32892277790236163,1.0,3726270.0
515,Missouri,2018:Q4,0.021967605988468326,1.0,4008747.0
516,Missouri,2019:Q1,0.8188237673998632,1.0,2047000.0
517,Missouri,2019:Q2,0.4916569293501757,0.0,0.0
518,Missouri,2019:Q3,0.594811842786022,0.0,0.0
519,Missouri,2019:Q4,0.4418182773317108,0.0,0.0
520,Montana,2015:Q1,2.60482832116724,0.0,0.0
521,Montana,2015:Q2,0.3540470436960939,0.0,0.0
522,Montana,2015:Q3,-0.020400108209263176,0.0,0.0
523,Montana,2015:Q4,-1.723519579913262,0.0,0.0
524,Montana,2016:Q1,0.26253981966417483,0.0,0.0
525,Montana,2016:Q2,-1.3403248788828759,0.0,0.0
526,Montana,2016:Q3,0.41480115880957996,0.0,0.0
527,Montana,2016:Q4,1.472812033035374,0.0,0.0
528,Montana,2017:Q1,-0.14606258288826904,0.0,0.0
529,Montana,2017:Q2,1.1247901263007642,0.0,0.0
530,Montana,2017:Q3,0.06596422879405638,0.0,0.0
531,Montana,2017:Q4,-0.04340470010895143,0.0,0.0
532,Montana,2018:Q1,1.0901540058833645,0.0,0.0
533,Montana,2018:Q2,0.9109298560136223,0.0,0.0
534,Montana,2018:Q3,0.5607161973168405,0.0,0.0
535,Montana,2018:Q4,1.0331650906822998,0.0,0.0
536,Montana,2019:Q1,-0.11354839813362748,0.0,0.0
537,Montana,2019:Q2,0.6182114159782924,0.0,0.0
538,Montana,2019:Q3,0.5652690257931728,0.0,0.0
539,Montana,2019:Q4,0.5428648890626342,0.0,0.0
540,Nebraska,2015:Q1,1.0732988611722531,0.0,0.0
541,Nebraska,2015:Q2,1.3326292049890602,0.0,0.0
542,Nebraska,2015:Q3,0.28178945773789343,0.0,0.0
543,Nebraska,2015:Q4,-0.17343170765195148,0.0,0.0
544,Nebraska,2016:Q1,-0.9999972630309298,0.0,0.0
545,Nebraska,2016:Q2,0.5763490095305251,0.0,0.0
546,Nebraska,2016:Q3,0.6780284022367963,0.0,0.0
547,Nebraska,2016:Q4,1.2416165304491884,0.0,0.0
548,Nebraska,2017:Q1,-0.37804600318834236,0.0,0.0
549,Nebraska,2017:Q2,1.2956594790387568,0.0,0.0
550,Nebraska,2017:Q3,0.08481846382576447,3.0,4050515.0
551,Nebraska,2017:Q4,-0.037270594206055205,0.0,0.0
552,Nebraska,2018:Q1,1.3310973054646986,1.0,1755144.0
553,Nebraska,2018:Q2,-0.6586875080399756,0.0,0.0
554,Nebraska,2018:Q3,-0.7864633404185861,1.0,1825630.0
555,Nebraska,2018:Q4,0.5436803952252992,0.0,0.0
556,Nebraska,2019:Q1,-0.11469199140776588,0.0,0.0
557,Nebraska,2019:Q2,0.587551247040418,1.0,2187858.0
558,Nebraska,2019:Q3,0.5560682631309812,0.0,0.0
559,Nebraska,2019:Q4,0.6280642937684462,1.0,1378675.0
560,Nevada,2015:Q1,0.6715785601427993,0.0,0.0
561,Nevada,2015:Q2,1.9467608436308506,0.0,0.0
562,Nevada,2015:Q3,0.7662680683986205,0.0,0.0
563,Nevada,2015:Q4,0.797195988989444,0.0,0.0
564,Nevada,2016:Q1,0.015205241661484889,0.0,0.0
565,Nevada,2016:Q2,0.23965255460041643,0.0,0.0
566,Nevada,2016:Q3,2.752764975332264,1.0,2124032.0
567,Nevada,2016:Q4,-1.0118797664684365,0.0,0.0
568,Nevada,2017:Q1,1.3813003459930104,0.0,0.0
569,Nevada,2017:Q2,0.4409964279289338,0.0,0.0
570,Nevada,2017:Q3,1.5935612795055945,3.0,3273880.0
571,Nevada,2017:Q4,-0.343251879556334,1.0,2104371.0
572,Nevada,2018:Q1,2.0337422170458086,0.0,0.0
573,Nevada,2018:Q2,0.8008291759224694,1.0,2656351.0
574,Nevada,2018:Q3,0.8951152113000319,0.0,0.0
575,Nevada,2018:Q4,1.4044173148239385,3.0,8411483.0
576,Nevada,2019:Q1,0.24912348471704351,0.0,0.0
577,Nevada,2019:Q2,0.6344385914578566,1.0,2340138.0
578,Nevada,2019:Q3,0.5636490665148519,0.0,0.0
579,Nevada,2019:Q4,0.6092091853956967,2.0,2796944.0
580,New Hampshire,2015:Q1,-1.415149635026074,0.0,0.0
581,New Hampshire,2015:Q2,2.2965483333892,0.0,0.0
582,New Hampshire,2015:Q3,-0.06569071692332636,0.0,0.0
583,New Hampshire,2015:Q4,1.9263166407823191,0.0,0.0
584,New Hampshire,2016:Q1,-0.9371099986994232,0.0,0.0
585,New Hampshire,2016:Q2,0.8484934953404881,0.0,0.0
586,New Hampshire,2016:Q3,0.5153436192789909,0.0,0.0
587,New Hampshire,2016:Q4,-0.6176730287812602,0.0,0.0
588,New Hampshire,2017:Q1,0.7106345672178181,0.0,0.0
589,New Hampshire,2017:Q2,0.2612361460529079,0.0,0.0
590,New Hampshire,2017:Q3,1.9133139654312217,0.0,0.0
591,New Hampshire,2017:Q4,-0.4573344356884181,0.0,0.0
592,New Hampshire,2018:Q1,1.2275728073101133,0.0,0.0
593,New Hampshire,2018:Q2,0.2915151795081512,0.0,0.0
594,New Hampshire,2018:Q3,0.5740415146823419,0.0,0.0
595,New Hampshire,2018:Q4,-0.5640846324873163,0.0,0.0
596,New Hampshire,2019:Q1,2.042987264612485,0.0,0.0
597,New Hampshire,2019:Q2,0.3384009748833529,0.0,0.0
598,New Hampshire,2019:Q3,0.5484390433255203,0.0,0.0
599,New Hampshire,2019:Q4,0.4825565681239833,0.0,0.0
600,New Jersey,2015:Q1,0.8191163908028737,0.0,0.0
601,New Jersey,2015:Q2,0.5262497241921744,0.0,0.0
602,New Jersey,2015:Q3,0.139708818586018,0.0,0.0
603,New Jersey,2015:Q4,-0.39099772200026,0.0,0.0
604,New Jersey,2016:Q1,0.9516075114431911,0.0,0.0
605,New Jersey,2016:Q2,-0.21230291593109338,0.0,0.0
606,New Jersey,2016:Q3,0.3621542854184123,4.0,22436784.0
607,New Jersey,2016:Q4,-0.09478911596608484,0.0,0.0
608,New Jersey,2017:Q1,-0.18072334956431071,0.0,0.0
609,New Jersey,2017:Q2,0.652244638993047,3.0,19765243.0
610,New Jersey,2017:Q3,0.6427260340468544,2.0,9681986.0
611,New Jersey,2017:Q4,-0.11603530170643608,1.0,0.0
612,New Jersey,2018:Q1,1.1758476130179405,0.0,0.0
613,New Jersey,2018:Q2,0.4565713684125431,1.0,2684824.0
614,New Jersey,2018:Q3,0.5318924796467785,2.0,11220206.0
615,New Jersey,2018:Q4,0.13145972042648332,2.0,4072592.0
616,New Jersey,2019:Q1,0.5239034279067198,0.0,0.0
617,New Jersey,2019:Q2,0.17506968555919605,0.0,0.0
618,New Jersey,2019:Q3,0.5627464502325252,2.0,25510438.0
619,New Jersey,2019:Q4,0.18137608603255465,0.0,0.0
620,New Mexico,2015:Q1,-0.7254900672261112,0.0,0.0
621,New Mexico,2015:Q2,-0.35149037193353,0.0,0.0
622,New Mexico,2015:Q3,0.2876822672650458,0.0,0.0
623,New Mexico,2015:Q4,0.024761940240460155,0.0,0.0
624,New Mexico,2016:Q1,-0.06402757571206967,0.0,0.0
625,New Mexico,2016:Q2,0.28522514091806495,0.0,0.0
626,New Mexico,2016:Q3,-0.35425628670514087,0.0,0.0
627,New Mexico,2016:Q4,0.10236502667081175,0.0,0.0
628,New Mexico,2017:Q1,-0.43888713984726646,0.0,0.0
629,New Mexico,2017:Q2,0.14915513563006408,0.0,0.0
630,New Mexico,2017:Q3,0.7865832646313303,0.0,0.0
631,New Mexico,2017:Q4,0.16461335458501716,0.0,0.0
632,New Mexico,2018:Q1,0.16640454237662997,0.0,0.0
633,New Mexico,2018:Q2,1.3239081029310757,0.0,0.0
634,New Mexico,2018:Q3,1.0258424401972221,0.0,0.0
635,New Mexico,2018:Q4,0.8041554525045984,0.0,0.0
636,New Mexico,2019:Q1,1.0044531171820335,0.0,0.0
637,New Mexico,2019:Q2,1.0012073929599672,0.0,0.0
638,New Mexico,2019:Q3,0.6400265772010241,0.0,0.0
639,New Mexico,2019:Q4,0.4874246083614157,0.0,0.0
640,New York,2015:Q1,-0.1670130095384322,0.0,0.0
641,New York,2015:Q2,1.1757336546616772,0.0,0.0
642,New York,2015:Q3,-0.09764514344635135,0.0,0.0
643,New York,2015:Q4,-1.7009771280933452,0.0,0.0
644,New York,2016:Q1,2.3681642450126854,0.0,0.0
645,New York,2016:Q2,0.2552893712120899,0.0,0.0
646,New York,2016:Q3,-0.7762350540611623,3.0,1878324.0
647,New York,2016:Q4,0.348868388226891,0.0,0.0
648,New York,2017:Q1,1.9645445970894162,0.0,0.0
649,New York,2017:Q2,-0.5269799036046228,1.0,2198951.0
650,New York,2017:Q3,0.5657692659943846,9.0,16305859.0
651,New York,2017:Q4,1.0717223908422302,6.0,10903746.0
652,New York,2018:Q1,-0.272222593572364,0.0,0.0
653,New York,2018:Q2,0.578656345422105,2.0,5320560.0
654,New York,2018:Q3,0.4227802857011628,0.0,0.0
655,New York,2018:Q4,-0.6616952564951579,4.0,9364935.0
656,New York,2019:Q1,1.4571059441470915,0.0,0.0
657,New York,2019:Q2,0.4106926300127255,2.0,5527014.0
658,New York,2019:Q3,0.12562498859120003,1.0,2092479.0
659,New York,2019:Q4,0.3517118548886519,0.0,0.0
660,North Carolina,2015:Q1,1.9671028665900772,0.0,0.0
661,North Carolina,2015:Q2,0.6917804392633676,0.0,0.0
662,North Carolina,2015:Q3,-0.025369876437645468,0.0,0.0
663,North Carolina,2015:Q4,-0.34426941837721364,0.0,0.0
664,North Carolina,2016:Q1,0.8369472925750848,0.0,0.0
665,North Carolina,2016:Q2,-0.06346777783231305,0.0,0.0
666,North Carolina,2016:Q3,0.5890239683352584,0.0,0.0
667,North Carolina,2016:Q4,0.9852713244479736,0.0,0.0
668,North Carolina,2017:Q1,0.49178778837852977,0.0,0.0
669,North Carolina,2017:Q2,0.1565968356639342,0.0,0.0
670,North Carolina,2017:Q3,0.48509447822850743,4.0,7591984.0
671,North Carolina,2017:Q4,0.9516771047905271,1.0,1819506.0
672,North Carolina,2018:Q1,0.2517273070121159,0.0,0.0
673,North Carolina,2018:Q2,1.1960898361707346,0.0,0.0
674,North Carolina,2018:Q3,0.2991099240492858,0.0,0.0
675,North Carolina,2018:Q4,0.4135737602066412,1.0,2085875.0
676,North Carolina,2019:Q1,0.8039295215121841,2.0,4987549.0
677,North Carolina,2019:Q2,0.3850070277339147,0.0,0.0
678,North Carolina,2019:Q3,0.48549109442420807,1.0,1999538.0
679,North Carolina,2019:Q4,0.5795213296234604,0.0,0.0
680,North Dakota,2015:Q1,-1.8215560713579835,0.0,0.0
681,North Dakota,2015:Q2,-4.124101882290806,0.0,0.0
682,North Dakota,2015:Q3,-1.4885067244349532,0.0,0.0
683,North Dakota,2015:Q4,-1.2605820576217954,0.0,0.0
684,North Dakota,2016:Q1,-2.797370983072229,0.0,0.0
685,North Dakota,2016:Q2,-2.3981117726561756,0.0,0.0
686,North Dakota,2016:Q3,0.1985937205058831,0.0,0.0
687,North Dakota,2016:Q4,-0.5939795044434644,0.0,0.0
688,North Dakota,2017:Q1,-0.21348038438363112,0.0,0.0
689,North Dakota,2017:Q2,1.815980865155001,0.0,0.0
690,North Dakota,2017:Q3,-0.7515774695388487,1.0,1850542.0
691,North Dakota,2017:Q4,0.44487997610649294,0.0,0.0
692,North Dakota,2018:Q1,0.9248532554563772,0.0,0.0
693,North Dakota,2018:Q2,1.965226953850821,0.0,0.0
694,North Dakota,2018:Q3,1.4389295858872777,1.0,1912505.0
695,North Dakota,2018:Q4,0.038294493998972584,1.0,1766790.0
696,North Dakota,2019:Q1,0.5388081192809698,0.0,0.0
697,North Dakota,2019:Q2,0.4568194638382082,1.0,2927135.0
698,North Dakota,2019:Q3,0.28180287446309527,0.0,0.0
699,North Dakota,2019:Q4,0.1134774767472465,0.0,0.0
700,Ohio,2015:Q1,-0.38291742824189356,0.0,0.0
701,Ohio,2015:Q2,0.4553978310421678,0.0,0.0
702,Ohio,2015:Q3,-0.2657910061156094,0.0,0.0
703,Ohio,2015:Q4,0.6194703319404531,0.0,0.0
704,Ohio,2016:Q1,-0.6262493833987486,0.0,0.0
705,Ohio,2016:Q2,0.8372559828998962,0.0,0.0
706,Ohio,2016:Q3,0.4935659814318119,2.0,4790682.0
707,Ohio,2016:Q4,0.39702040469449273,0.0,0.0
708,Ohio,2017:Q1,0.10817502597198785,0.0,0.0
709,Ohio,2017:Q2,0.4842448835330214,1.0,3960421.0
710,Ohio,2017:Q3,0.5574737960486016,5.0,12797453.0
711,Ohio,2017:Q4,0.23052260490042026,3.0,2199218.0
712,Ohio,2018:Q1,0.3280993516052417,1.0,1912595.0
713,Ohio,2018:Q2,0.6558542082363163,0.0,0.0
714,Ohio,2018:Q3,0.9599244503297253,0.0,0.0
715,Ohio,2018:Q4,-0.12917269023525538,0.0,0.0
716,Ohio,2019:Q1,0.5789327032789381,2.0,4524327.0
717,Ohio,2019:Q2,0.31168442940648833,1.0,2281760.0
718,Ohio,2019:Q3,0.41578083066014027,0.0,0.0
719,Ohio,2019:Q4,0.3990541560577907,0.0,0.0
720,Oklahoma,2015:Q1,1.198069951301403,0.0,0.0
721,Oklahoma,2015:Q2,-1.5635229945949771,0.0,0.0
722,Oklahoma,2015:Q3,1.6707757419690197,0.0,0.0
723,Oklahoma,2015:Q4,-0.3503251563624092,0.0,0.0
724,Oklahoma,2016:Q1,-1.861084744460872,0.0,0.0
725,Oklahoma,2016:Q2,-1.0625565133838502,0.0,0.0
726,Oklahoma,2016:Q3,-0.8120469314270243,1.0,1578961.0
727,Oklahoma,2016:Q4,-0.6206091173411434,0.0,0.0
728,Oklahoma,2017:Q1,0.7654806705439586,0.0,0.0
729,Oklahoma,2017:Q2,1.4640678331140677,0.0,0.0
730,Oklahoma,2017:Q3,-0.019304054996267094,1.0,961178.0
731,Oklahoma,2017:Q4,0.08655911155519949,1.0,1349098.0
732,Oklahoma,2018:Q1,1.249867163752315,1.0,1734989.0
733,Oklahoma,2018:Q2,0.6824146178676961,0.0,0.0
734,Oklahoma,2018:Q3,0.28121793652843846,0.0,0.0
735,Oklahoma,2018:Q4,0.9179737877224571,2.0,3544412.0
736,Oklahoma,2019:Q1,0.6294559766279273,2.0,4245171.0
737,Oklahoma,2019:Q2,0.666138238105139,0.0,0.0
738,Oklahoma,2019:Q3,0.4747137711535226,0.0,0.0
739,Oklahoma,2019:Q4,0.13813513124814358,1.0,1447993.0
740,Oregon,2015:Q1,2.0228093110068657,0.0,0.0
741,Oregon,2015:Q2,0.9134428381363565,0.0,0.0
742,Oregon,2015:Q3,1.5750627533027775,0.0,0.0
743,Oregon,2015:Q4,0.3014395539106124,0.0,0.0
744,Oregon,2016:Q1,2.367923324865879,0.0,0.0
745,Oregon,2016:Q2,0.6286213349968838,0.0,0.0
746,Oregon,2016:Q3,0.2069818009408836,0.0,0.0
747,Oregon,2016:Q4,1.3371214838648091,0.0,0.0
748,Oregon,2017:Q1,0.8192295246226964,0.0,0.0
749,Oregon,2017:Q2,1.199419502147014,0.0,0.0
750,Oregon,2017:Q3,0.732542955523566,2.0,2730624.0
751,Oregon,2017:Q4,1.5035537387346514,1.0,2121648.0
752,Oregon,2018:Q1,0.7262900645482115,0.0,0.0
753,Oregon,2018:Q2,0.6829886439328682,1.0,2114035.0
754,Oregon,2018:Q3,1.0384200727527988,0.0,0.0
755,Oregon,2018:Q4,0.6635628607398587,1.0,2285680.0
756,Oregon,2019:Q1,0.707843593886356,0.0,0.0
757,Oregon,2019:Q2,0.5033153900908401,1.0,2159245.0
758,Oregon,2019:Q3,0.4457363558315225,0.0,0.0
759,Oregon,2019:Q4,0.6027030860931787,0.0,0.0
760,Pennsylvania,2015:Q1,0.4614840731014965,0.0,0.0
761,Pennsylvania,2015:Q2,0.3477265698857865,0.0,0.0
762,Pennsylvania,2015:Q3,0.11938509632026208,0.0,0.0
763,Pennsylvania,2015:Q4,0.4330445736402963,0.0,0.0
764,Pennsylvania,2016:Q1,0.19660124665284248,0.0,0.0
765,Pennsylvania,2016:Q2,0.3926896430121815,0.0,0.0
766,Pennsylvania,2016:Q3,0.6731640223822594,5.0,15839283.0
767,Pennsylvania,2016:Q4,-0.1855061521268963,0.0,0.0
768,Pennsylvania,2017:Q1,-0.5642369690620236,0.0,0.0
769,Pennsylvania,2017:Q2,0.33679359173779405,3.0,15954987.0
770,Pennsylvania,2017:Q3,0.9773542869126352,5.0,9084028.0
771,Pennsylvania,2017:Q4,0.295346550583689,2.0,2086312.0
772,Pennsylvania,2018:Q1,0.5917330537667946,0.0,0.0
773,Pennsylvania,2018:Q2,1.0349356197330544,2.0,5049943.0
774,Pennsylvania,2018:Q3,0.7746424995406946,4.0,13116563.0
775,Pennsylvania,2018:Q4,0.08736163266238867,3.0,6442554.0
776,Pennsylvania,2019:Q1,0.8203670270532034,0.0,0.0
777,Pennsylvania,2019:Q2,0.42012187612190377,0.0,0.0
778,Pennsylvania,2019:Q3,0.5290884933050641,1.0,11741373.0
779,Pennsylvania,2019:Q4,0.5263309991128857,0.0,0.0
780,Rhode Island,2015:Q1,0.15047425923645014,0.0,0.0
781,Rhode Island,2015:Q2,0.8988620549120925,0.0,0.0
782,Rhode Island,2015:Q3,-0.6826248343074762,0.0,0.0
783,Rhode Island,2015:Q4,1.1334744178394682,0.0,0.0
784,Rhode Island,2016:Q1,-1.6589537701335135,0.0,0.0
785,Rhode Island,2016:Q2,0.905303757942825,0.0,0.0
786,Rhode Island,2016:Q3,0.35617775108843064,0.0,0.0
787,Rhode Island,2016:Q4,0.13343528388730921,0.0,0.0
788,Rhode Island,2017:Q1,-1.5474031374355064,0.0,0.0
789,Rhode Island,2017:Q2,0.7260477910614749,0.0,0.0
790,Rhode Island,2017:Q3,0.36611833622275053,0.0,0.0
791,Rhode Island,2017:Q4,0.4331284204213182,0.0,0.0
792,Rhode Island,2018:Q1,0.051514044601796434,0.0,0.0
793,Rhode Island,2018:Q2,0.6328701592413004,0.0,0.0
794,Rhode Island,2018:Q3,-0.770926143024619,0.0,0.0
795,Rhode Island,2018:Q4,1.4191937869822486,0.0,0.0
796,Rhode Island,2019:Q1,1.1544169792146428,0.0,0.0
797,Rhode Island,2019:Q2,0.3636774215871858,0.0,0.0
798,Rhode Island,2019:Q3,0.4032024028904255,0.0,0.0
799,Rhode Island,2019:Q4,0.5413674353326561,0.0,0.0
800,South Carolina,2015:Q1,1.229206642332604,0.0,0.0
801,South Carolina,2015:Q2,0.9538109303493528,0.0,0.0
802,South Carolina,2015:Q3,1.322748421376434,0.0,0.0
803,South Carolina,2015:Q4,0.2845959882641259,0.0,0.0
804,South Carolina,2016:Q1,0.4130729150189993,0.0,0.0
805,South Carolina,2016:Q2,0.9665899866002482,0.0,0.0
806,South Carolina,2016:Q3,0.6692280104419509,0.0,0.0
807,South Carolina,2016:Q4,1.1480961302312007,0.0,0.0
808,South Carolina,2017:Q1,0.9980897946304585,0.0,0.0
809,South Carolina,2017:Q2,0.4455511981271313,0.0,0.0
810,South Carolina,2017:Q3,0.46967820067834426,1.0,673758.0
811,South Carolina,2017:Q4,0.8494620596830814,0.0,0.0
812,South Carolina,2018:Q1,0.25080388369274553,0.0,0.0
813,South Carolina,2018:Q2,0.9149173413487234,0.0,0.0
814,South Carolina,2018:Q3,0.8816235289255896,0.0,0.0
815,South Carolina,2018:Q4,0.9275278144087389,0.0,0.0
816,South Carolina,2019:Q1,0.8643860216297087,1.0,1722813.0
817,South Carolina,2019:Q2,0.4481336300844295,0.0,0.0
818,South Carolina,2019:Q3,0.48346606830337546,0.0,0.0
819,South Carolina,2019:Q4,0.6214403904656822,0.0,0.0
820,South Dakota,2015:Q1,2.2168735180877435,0.0,0.0
821,South Dakota,2015:Q2,0.9236767664207969,0.0,0.0
822,South Dakota,2015:Q3,0.993638078321543,0.0,0.0
823,South Dakota,2015:Q4,2.4297437701352482,0.0,0.0
824,South Dakota,2016:Q1,-4.037221342021282,0.0,0.0
825,South Dakota,2016:Q2,1.1978490308953835,0.0,0.0
826,South Dakota,2016:Q3,2.0589594427097504,0.0,0.0
827,South Dakota,2016:Q4,-0.1015935049326889,0.0,0.0
828,South Dakota,2017:Q1,-0.24594089184451334,0.0,0.0
829,South Dakota,2017:Q2,-0.8888850024156988,0.0,0.0
830,South Dakota,2017:Q3,-0.422390192819793,0.0,0.0
831,South Dakota,2017:Q4,-1.1478147330647952,0.0,0.0
832,South Dakota,2018:Q1,2.52131035408305,0.0,0.0
833,South Dakota,2018:Q2,0.26015410622491564,0.0,0.0
834,South Dakota,2018:Q3,0.9179041580566483,1.0,1494540.0
835,South Dakota,2018:Q4,-0.10814329736408743,0.0,0.0
836,South Dakota,2019:Q1,-0.39364323152930897,0.0,0.0
837,South Dakota,2019:Q2,0.41257287467163173,0.0,0.0
838,South Dakota,2019:Q3,0.4439925653093148,0.0,0.0
839,South Dakota,2019:Q4,0.4033524961150786,0.0,0.0
840,Tennessee,2015:Q1,1.1753384303768235,0.0,0.0
841,Tennessee,2015:Q2,1.4272721399142223,0.0,0.0
842,Tennessee,2015:Q3,0.5664297235751748,0.0,0.0
843,Tennessee,2015:Q4,-0.011861739563646142,0.0,0.0
844,Tennessee,2016:Q1,0.5211631575014062,0.0,0.0
845,Tennessee,2016:Q2,0.49740404726627857,0.0,0.0
846,Tennessee,2016:Q3,0.7539622426532907,1.0,4765878.0
847,Tennessee,2016:Q4,0.8171143266608145,0.0,0.0
848,Tennessee,2017:Q1,0.0561506814767565,0.0,0.0
849,Tennessee,2017:Q2,0.10746908541019451,1.0,0.0
850,Tennessee,2017:Q3,0.5701977048681957,1.0,1597428.0
851,Tennessee,2017:Q4,1.29570154605935,3.0,4027764.0
852,Tennessee,2018:Q1,0.2838055793767909,0.0,0.0
853,Tennessee,2018:Q2,1.2948613913467197,0.0,0.0
854,Tennessee,2018:Q3,1.2022723421384758,0.0,0.0
855,Tennessee,2018:Q4,-0.2906663729837034,3.0,8322283.0
856,Tennessee,2019:Q1,0.7973942414879372,2.0,4540240.0
857,Tennessee,2019:Q2,0.326083362680836,0.0,0.0
858,Tennessee,2019:Q3,0.5919787958695402,0.0,0.0
859,Tennessee,2019:Q4,0.502597141928792,1.0,0.0
860,Texas,2015:Q1,2.4950956691927995,0.0,0.0
861,Texas,2015:Q2,-1.1285818684362223,0.0,0.0
862,Texas,2015:Q3,0.9996043653503057,0.0,0.0
863,Texas,2015:Q4,0.1710672495171732,0.0,0.0
864,Texas,2016:Q1,-0.42002386219978566,0.0,0.0
865,Texas,2016:Q2,0.023320164741521144,0.0,0.0
866,Texas,2016:Q3,0.45528992315051886,3.0,16632636.0
867,Texas,2016:Q4,0.2711304662158639,0.0,0.0
868,Texas,2017:Q1,0.901203351404876,0.0,0.0
869,Texas,2017:Q2,1.0234836009750359,5.0,25563239.0
870,Texas,2017:Q3,1.0276127709571599,5.0,10334807.0
871,Texas,2017:Q4,0.7890033762983171,4.0,6955580.0
872,Texas,2018:Q1,0.9429723290315458,0.0,0.0
873,Texas,2018:Q2,1.2156149510119831,4.0,7034080.0
874,Texas,2018:Q3,0.9672409760371375,0.0,0.0
875,Texas,2018:Q4,0.957160501104953,7.0,12695085.0
876,Texas,2019:Q1,1.2775860178664282,5.0,7554704.0
877,Texas,2019:Q2,1.146231932725564,0.0,0.0
878,Texas,2019:Q3,0.9659327459521868,1.0,11068397.0
879,Texas,2019:Q4,0.7202101417684357,3.0,0.0
880,Utah,2015:Q1,1.5546607308105986,0.0,0.0
881,Utah,2015:Q2,0.9673237211922335,0.0,0.0
882,Utah,2015:Q3,0.556306602701377,0.0,0.0
883,Utah,2015:Q4,0.9545032212915378,0.0,0.0
884,Utah,2016:Q1,1.1211352640357366,0.0,0.0
885,Utah,2016:Q2,0.6547744167591497,0.0,0.0
886,Utah,2016:Q3,1.5329279145654187,1.0,1871968.0
887,Utah,2016:Q4,1.2409138697776259,0.0,0.0
888,Utah,2017:Q1,0.19033175808992656,0.0,0.0
889,Utah,2017:Q2,0.9160749690679718,0.0,0.0
890,Utah,2017:Q3,1.628647826526314,0.0,0.0
891,Utah,2017:Q4,0.9100916253470012,0.0,0.0
892,Utah,2018:Q1,0.8667616443655795,0.0,0.0
893,Utah,2018:Q2,0.7876525970377537,1.0,1947385.0
894,Utah,2018:Q3,0.6769203759554107,0.0,0.0
895,Utah,2018:Q4,0.4106910812533987,1.0,2026905.0
896,Utah,2019:Q1,1.6819300571018674,0.0,0.0
897,Utah,2019:Q2,0.7463327749649578,1.0,1889389.0
898,Utah,2019:Q3,0.7931873302817327,0.0,0.0
899,Utah,2019:Q4,0.837616930975874,1.0,1436175.0
900,Vermont,2015:Q1,-1.241536169901038,0.0,0.0
901,Vermont,2015:Q2,0.7035179360702831,0.0,0.0
902,Vermont,2015:Q3,0.587127277485649,0.0,0.0
903,Vermont,2015:Q4,0.03855302245369585,0.0,0.0
904,Vermont,2016:Q1,0.8376484402467131,0.0,0.0
905,Vermont,2016:Q2,0.04469555842153774,0.0,0.0
906,Vermont,2016:Q3,0.5510352268948548,0.0,0.0
907,Vermont,2016:Q4,-0.3322643680508696,0.0,0.0
908,Vermont,2017:Q1,0.09489118124214875,0.0,0.0
909,Vermont,2017:Q2,-0.40569198143651597,0.0,0.0
910,Vermont,2017:Q3,0.5413905654033138,0.0,0.0
911,Vermont,2017:Q4,0.1884854381438881,0.0,0.0
912,Vermont,2018:Q1,0.12899337766282343,0.0,0.0
913,Vermont,2018:Q2,0.8086724070765527,0.0,0.0
914,Vermont,2018:Q3,0.08086895538113621,0.0,0.0
915,Vermont,2018:Q4,0.2840776010332577,0.0,0.0
916,Vermont,2019:Q1,1.366327614999241,0.0,0.0
917,Vermont,2019:Q2,0.3289452043078664,0.0,0.0
918,Vermont,2019:Q3,0.4368957476353847,0.0,0.0
919,Vermont,2019:Q4,0.5578914114685373,0.0,0.0
920,Virginia,2015:Q1,0.40492025189806624,0.0,0.0
921,Virginia,2015:Q2,1.1853071077826243,0.0,0.0
922,Virginia,2015:Q3,0.452120454763923,0.0,0.0
923,Virginia,2015:Q4,-0.3456058295910057,0.0,0.0
924,Virginia,2016:Q1,-0.8676079683896639,0.0,0.0
925,Virginia,2016:Q2,0.6392518896325405,0.0,0.0
926,Virginia,2016:Q3,0.5053849212586214,0.0,0.0
927,Virginia,2016:Q4,0.958194678692907,0.0,0.0
928,Virginia,2017:Q1,-0.21823790144447286,0.0,0.0
929,Virginia,2017:Q2,0.4823077527689027,0.0,0.0
930,Virginia,2017:Q3,0.6521976972929165,0.0,0.0
931,Virginia,2017:Q4,0.617724036359889,0.0,0.0
932,Virginia,2018:Q1,0.7261753733633539,0.0,0.0
933,Virginia,2018:Q2,0.6163160956943273,1.0,1645760.0
934,Virginia,2018:Q3,0.9097069240900689,0.0,0.0
935,Virginia,2018:Q4,0.12538194341803882,0.0,0.0
936,Virginia,2019:Q1,0.48882205630081865,0.0,0.0
937,Virginia,2019:Q2,0.46719799553729213,0.0,0.0
938,Virginia,2019:Q3,0.38897767203672257,0.0,0.0
939,Virginia,2019:Q4,0.5068942398251753,0.0,0.0
940,Washington,2015:Q1,1.1762449176258671,0.0,0.0
941,Washington,2015:Q2,1.3663107470078326,0.0,0.0
942,Washington,2015:Q3,0.9642221088059124,0.0,0.0
943,Washington,2015:Q4,-0.2710207733385549,0.0,0.0
944,Washington,2016:Q1,1.671542539738253,0.0,0.0
945,Washington,2016:Q2,0.21769672476155405,0.0,0.0
946,Washington,2016:Q3,0.9156090600677614,1.0,5237966.0
947,Washington,2016:Q4,1.8919308677035107,0.0,0.0
948,Washington,2017:Q1,0.9566292573551548,0.0,0.0
949,Washington,2017:Q2,1.4186076786486104,1.0,6249670.0
950,Washington,2017:Q3,1.3619963729131792,5.0,15101113.0
951,Washington,2017:Q4,1.6679172156758573,0.0,0.0
952,Washington,2018:Q1,1.297868975992208,0.0,0.0
953,Washington,2018:Q2,1.5835993631377034,1.0,2229945.0
954,Washington,2018:Q3,1.4456462538720767,1.0,4932401.0
955,Washington,2018:Q4,0.3021968274732264,1.0,1597670.0
956,Washington,2019:Q1,1.2238397235651666,0.0,0.0
957,Washington,2019:Q2,0.772478280722219,0.0,0.0
958,Washington,2019:Q3,0.749543575438595,1.0,11835818.0
959,Washington,2019:Q4,0.8427723865425699,0.0,0.0
960,West Virginia,2015:Q1,-0.7895417883793476,0.0,0.0
961,West Virginia,2015:Q2,-0.03575806380096776,0.0,0.0
962,West Virginia,2015:Q3,-0.3068848959260044,0.0,0.0
963,West Virginia,2015:Q4,-0.30248869624781205,0.0,0.0
964,West Virginia,2016:Q1,0.1798452641225894,0.0,0.0
965,West Virginia,2016:Q2,-1.0346504118137865,0.0,0.0
966,West Virginia,2016:Q3,-0.32557306538107894,0.0,0.0
967,West Virginia,2016:Q4,-0.39600631505086276,0.0,0.0
968,West Virginia,2017:Q1,2.105347513995577,0.0,0.0
969,West Virginia,2017:Q2,-0.3805252656422519,0.0,0.0
970,West Virginia,2017:Q3,0.6085050792041705,0.0,0.0
971,West Virginia,2017:Q4,0.05878852824631407,0.0,0.0
972,West Virginia,2018:Q1,-0.04182583323341229,0.0,0.0
973,West Virginia,2018:Q2,1.7053985109685001,0.0,0.0
974,West Virginia,2018:Q3,1.4485178102006075,0.0,0.0
975,West Virginia,2018:Q4,-0.03472116552451898,0.0,0.0
976,West Virginia,2019:Q1,-0.5561243225799313,0.0,0.0
977,West Virginia,2019:Q2,0.4310153791605887,0.0,0.0
978,West Virginia,2019:Q3,0.12187075060484588,0.0,0.0
979,West Virginia,2019:Q4,-0.035287182311573365,0.0,0.0
980,Wisconsin,2015:Q1,0.2518250844520529,0.0,0.0
981,Wisconsin,2015:Q2,0.5085744248377184,0.0,0.0
982,Wisconsin,2015:Q3,0.10885911474237604,0.0,0.0
983,Wisconsin,2015:Q4,0.21987692999613928,0.0,0.0
984,Wisconsin,2016:Q1,0.15173297491224508,0.0,0.0
985,Wisconsin,2016:Q2,0.5461364327931517,0.0,0.0
986,Wisconsin,2016:Q3,0.8432549682779865,0.0,0.0
987,Wisconsin,2016:Q4,-0.37233409508171045,0.0,0.0
988,Wisconsin,2017:Q1,0.35576717037966615,0.0,0.0
989,Wisconsin,2017:Q2,0.12901679983043507,0.0,0.0
990,Wisconsin,2017:Q3,1.1590950570624563,0.0,0.0
991,Wisconsin,2017:Q4,0.06557312937898706,1.0,1403070.0
992,Wisconsin,2018:Q1,1.1176855138929618,0.0,0.0
993,Wisconsin,2018:Q2,0.25281948761741374,0.0,0.0
994,Wisconsin,2018:Q3,0.5449174058399303,1.0,1995140.0
995,Wisconsin,2018:Q4,0.3434862036996489,2.0,5576333.0
996,Wisconsin,2019:Q1,0.2776872129130382,0.0,0.0
997,Wisconsin,2019:Q2,0.27227683018244925,1.0,2336580.0
998,Wisconsin,2019:Q3,0.37977907443747466,0.0,0.0
999,Wisconsin,2019:Q4,0.5283488538042161,0.0,0.0
1000,Wyoming,2015:Q1,1.806856214298308,0.0,0.0
1001,Wyoming,2015:Q2,-2.4529632335533567,0.0,0.0
1002,Wyoming,2015:Q3,1.47524660595467,0.0,0.0
1003,Wyoming,2015:Q4,-0.9637712170207311,0.0,0.0
1004,Wyoming,2016:Q1,0.4153280511607609,0.0,0.0
1005,Wyoming,2016:Q2,-4.133798304675285,0.0,0.0
1006,Wyoming,2016:Q3,-1.7223878364372525,0.0,0.0
1007,Wyoming,2016:Q4,-1.073741788993686,0.0,0.0
1008,Wyoming,2017:Q1,1.1001129484896144,0.0,0.0
1009,Wyoming,2017:Q2,2.2399553105291883,0.0,0.0
1010,Wyoming,2017:Q3,-0.5739008983938279,0.0,0.0
1011,Wyoming,2017:Q4,0.12716741787213515,0.0,0.0
1012,Wyoming,2018:Q1,-1.0310070332057302,0.0,0.0
1013,Wyoming,2018:Q2,0.42599773152910764,0.0,0.0
1014,Wyoming,2018:Q3,0.4534748461940334,0.0,0.0
1015,Wyoming,2018:Q4,0.8647461077314454,0.0,0.0
1016,Wyoming,2019:Q1,1.3449033888380906,0.0,0.0
1017,Wyoming,2019:Q2,1.0220707290228908,0.0,0.0
1018,Wyoming,2019:Q3,0.33035992511166484,0.0,0.0
1019,Wyoming,2019:Q4,0.0020267069305850605,0.0,0.0
